"","ISIN","Sedol","RIC","Int.Key","Company_Name","Country","Currency","Component","mcap","Rank (FINAL)","Rank (PREVIOUS","ctrygrp","treat","distance","weights","subclass"
"1","JP3198900007","6648891","4661.T","664889","Oriental Land Co. Ltd.","JP","JPY","Large",289,387,325,"JKT",1,0.170841946706266,1,"1"
"2","JP3942400007","6985383","4503.T","698538","Astellas Pharma Inc.","JP","JPY","Large",244,476,447,"JKT",1,0.177327368421671,1,"13"
"3","JP3951600000","6911485","8113.T","691148","Uni-Charm Corp.","JP","JPY","Large",167,663,688,"JKT",1,0.188869820207787,1,"24"
"4","JP3173400007","6136749","4684.T","613674","Obic Co. Ltd.","JP","JPY","Large",112,935,972,"JKT",1,0.197461739139076,1,"35"
"5","JP3802400006","6356934","6954.T","635693","Fanuc Ltd.","JP","JPY","Large",387,272,251,"JKT",1,0.157371880606152,1,"46"
"6","TW0001326007","6348715","1326.TW","TW00E3","Formosa Chemicals & Fibre Corp","TW","TWD","Large",115,921,895,"JKT",1,0.196985586470791,1,"57"
"7","JP3197600004","6660107","4528.T","666010","Ono Pharmaceutical Co. Ltd.","JP","JPY","Large",111,939,899,"JKT",1,0.197620649406965,1,"68"
"8","JP3634600005","6900546","6201.T","690054","Toyota Industries Corp.","JP","JPY","Large",154,713,732,"JKT",1,0.190874413956171,1,"79"
"9","JP3476480003","B601QS4","8750.T","PJ059","Dai-ichi Life Holdings","JP","JPY","Large",163,679,651,"JKT",1,0.189484892629471,1,"90"
"10","JP3371200001","6804585","4063.T","680458","Shin-Etsu Chemical Co. Ltd.","JP","JPY","Large",597,164,165,"JKT",1,0.131423260016399,1,"2"
"11","JP3143600009","6467803","8001.T","646780","Itochu Corp.","JP","JPY","Large",41,261,270,"JKT",1,0.208984199699869,1,"4"
"12","JP3496400007","6248990","9433.T","624899","KDDI Corp.","JP","JPY","Large",437,239,229,"JKT",1,0.15083876817951,1,"5"
"13","JP3814800003","6356406","7270.T","635640","SUBARU CORPORATION","JP","JPY","Large",104,998,1028,"JKT",1,0.198735720039865,1,"6"
"14","KR7005380001","6451055","005380.KS","KR004F","Hyundai Motor Co","KR","KRW","Large",256,445,389,"JKT",1,0.175579261895597,1,"7"
"15","JP3381000003","6642569","5401.T","664256","NIPPON STEEL","JP","JPY","Large",138,795,873,"JKT",1,0.193363870334152,1,"8"
"16","JP3830800003","6132101","5108.T","613210","Bridgestone Corp.","JP","JPY","Large",219,520,529,"JKT",1,0.181013049677124,1,"9"
"17","TW0002886009","6444066","2886.TW","TW00H6","Mega Financial Holding Co Ltd","TW","TWD","Large",111,942,969,"JKT",1,0.197620649406965,1,"10"
"18","JP3933800009","6084848","4689.T","580894","Z HOLDINGS","JP","JPY","Large",114,924,760,"JKT",1,0.197144207678927,1,"11"
"19","KR7068270008","B0C5YV1","068270.KS","KR063K","Celltrion","KR","KRW","Large",268,420,450,"JKT",1,0.173844746715754,1,"12"
"20","KR7012330007","6449544","012330.KS","KR007I","Hyundai Mobis","KR","KRW","Large",146,753,711,"JKT",1,0.192116068733291,1,"14"
"21","TW0001216000","6700393","1216.TW","TW00NC","Uni-President Enterprises Corp","TW","TWD","Large",124,866,887,"JKT",1,0.195562329776013,1,"15"
"22","JP3890350006","6563024","8316.T","656302","Sumitomo Mitsui Financial Grou","JP","JPY","Large",424,249,248,"JKT",1,0.152515611765088,1,"16"
"23","JP3358000002","6804820","7309.T","680482","Shimano Inc.","JP","JPY","Large",173,642,663,"JKT",1,0.187950085339149,1,"17"
"24","JP3802300008","6332439","9983.T","633243","Fast Retailing Co. Ltd.","JP","JPY","Large",534,186,132,"JKT",1,0.138801855028364,1,"18"
"25","JP3898400001","6596785","8058.T","659678","Mitsubishi Corp.","JP","JPY","Large",358,295,283,"JKT",1,0.16126546270319,1,"19"
"26","JP3205800000","6483809","4452.T","648380","Kao Corp.","JP","JPY","Large",271,411,401,"JKT",1,0.173413237633039,1,"20"
"27","KR7005930003","6771720","005930.KS","KR002D","Samsung Electronics Co Ltd","KR","KRW","Large",3148,10,10,"JKT",1,0.0115925218692352,1,"21"
"28","KR7006400006","6771645","006400.KS","KR00OZ","Samsung SDI Co Ltd","KR","KRW","Large",274,405,388,"JKT",1,0.172982575357739,1,"22"
"29","JP3240400006","6490809","2801.T","649080","Kikkoman Corp.","JP","JPY","Large",98,1053,929,"JKT",1,0.19969525518903,1,"23"
"30","JP3119600009","6010906","2802.T","601090","Ajinomoto Co. Inc.","JP","JPY","Large",96,1078,1074,"JKT",1,0.200015871866385,1,"25"
"31","TW0002002003","6190950","2002.TW","TW008X","China Steel Corp","TW","TWD","Large",97,1060,1049,"JKT",1,0.199855515293183,1,"26"
"32","JP3249600002","6499260","6971.T","649926","Kyocera Corp.","JP","JPY","Large",204,552,533,"JKT",1,0.183252954784109,1,"27"
"33","TW0002882008","6425663","2882.TW","TW004T","Cathay Financial Holding Co Lt","TW","TWD","Large",126,853,902,"JKT",1,0.195247109601306,1,"28"
"34","TW0002454006","6372480","2454.TW","TW006V","MediaTek Inc","TW","TWD","Large",457,229,233,"JKT",1,0.148288648484651,1,"29"
"35","JP3421800008","6791591","9735.T","679159","Secom Co. Ltd.","JP","JPY","Large",157,701,665,"JKT",1,0.190410376995504,1,"30"
"36","JP3893200000","6597603","8801.T","659760","Mitsui Fudosan Co. Ltd.","JP","JPY","Large",187,601,580,"JKT",1,0.185817433747566,1,"31"
"37","JP3200450009","6661144","8591.T","666114","Orix Corp.","JP","JPY","Large",166,667,603,"JKT",1,0.189023444581291,1,"32"
"38","JP3571400005","6895675","8035.T","689567","Tokyo Electron Ltd.","JP","JPY","Large",566,174,180,"JKT",1,0.135011500070915,1,"33"
"39","JP3726800000","6474535","2914.T","647453","Japan Tobacco Inc.","JP","JPY","Large",181,619,631,"JKT",1,0.186729132241591,1,"34"
"40","JP3422950000","B0FS5D6","3382.T","679717","Seven & I Holdings Co. Ltd.","JP","JPY","Large",281,400,422,"JKT",1,0.171980986764405,1,"36"
"41","JP3505000004","6251363","1925.T","625136","Daiwa House Industry Co. Ltd.","JP","JPY","Large",166,665,669,"JKT",1,0.189023444581291,1,"37"
"42","KR7005490008","6693233","005490.KS","KR003E","POSCO","KR","KRW","Large",21,540,578,"JKT",1,0.212317902862972,1,"38"
"43","TW0002303005","6916628","2303.TW","TW00K9","United Microelectronics Corp","TW","TWD","Large",175,634,568,"JKT",1,0.187644272981092,1,"39"
"44","JP3758190007","B63QM77","3659.T","JP203D","NEXON","JP","JPY","Large",129,844,836,"JKT",1,0.194775001136971,1,"40"
"45","JP3304200003","6496584","6301.T","649658","Komatsu Ltd.","JP","JPY","Large",256,446,451,"JKT",1,0.175579261895597,1,"41"
"46","JP3188220002","B5LTM93","4578.T","JP10FO","OTSUKA HOLDINGS","JP","JPY","Large",18,621,637,"JKT",1,0.212821294480249,1,"42"
"47","JP3633400001","6900643","7203.T","690064","Toyota Motor Corp.","JP","JPY","Large",1697,37,39,"JKT",1,0.0478272794801943,1,"43"
"48","TW0002881000","6411673","2881.TW","TW00AZ","Fubon Financial Holding Co Ltd","TW","TWD","Large",123,875,918,"JKT",1,0.195720084249967,1,"44"
"49","JP3814000000","6356525","4901.T","635652","FUJIFILM Holdings Corp.","JP","JPY","Large",202,559,560,"JKT",1,0.183553227488195,1,"45"
"50","JP3752900005","BYT8143","6178.T","JP609N","JAPAN POST HOLDINGS","JP","JPY","Large",113,932,938,"JKT",1,0.197302925232361,1,"47"
"51","JP3902400005","6597045","6503.T","659704","Mitsubishi Electric Corp.","JP","JPY","Large",279,402,407,"JKT",1,0.172266685201134,1,"48"
"52","KR7105560007","B3DF0Y6","105560.KS","KR008J","KB Financial Group Inc","KR","KRW","Large",177,631,768,"JKT",1,0.187338843416059,1,"49"
"53","JP3890310000","B2Q4CS1","8725.T","687012","MS&AD Insurance Group Holdings","JP","JPY","Large",126,855,859,"JKT",1,0.195247109601306,1,"50"
"54","JP3475350009","B0J7D91","4568.T","677528","Daiichi Sankyo Co. Ltd.","JP","JPY","Large",452,231,231,"JKT",1,0.148922820810913,1,"51"
"55","JP3236200006","6490995","6861.T","649099","Keyence Corp.","JP","JPY","Large",741,120,108,"JKT",1,0.115803086629532,1,"52"
"56","JP3497400006","6250025","6383.T","625002","DAIFUKU","JP","JPY","Large",106,985,978,"JKT",1,0.198416646434227,1,"53"
"57","KR7035420009","6560393","035420.KS","KR00NY","NAVER CORP","KR","KRW","Large",42,256,239,"JKT",1,0.208818529860588,1,"54"
"58","JP3756100008","6644800","9843.T","664480","Nitori Co. Ltd.","JP","JPY","Large",154,712,728,"JKT",1,0.190874413956171,1,"55"
"59","JP3409000001","6858902","8830.T","685890","Sumitomo Realty & Development","JP","JPY","Large",143,767,763,"JKT",1,0.192583273708795,1,"56"
"60","JP3732000009","BF5M0K5","9434.T","JP903K","SOFTBANK","JP","JPY","Large",318,342,314,"JKT",1,0.166763122239037,1,"58"
"61","JP3116000005","6054409","2502.T","605440","ASAHI GROUP HDGS","JP","JPY","Large",182,615,576,"JKT",1,0.186576943527153,1,"59"
"62","KR7028260008","BSXN8K7","028260.KS","KR507N","SAMSUNG C&T CORP","KR","KRW","Large",11,951,937,"JKT",1,0.213999259270153,1,"60"
"63","JP3893600001","6597302","8031.T","659730","Mitsui & Co. Ltd.","JP","JPY","Large",304,362,348,"JKT",1,0.168722403667234,1,"61"
"64","JP3592200004","6897217","6502.T","689721","Toshiba Corp.","JP","JPY","Large",121,887,905,"JKT",1,0.196035882015314,1,"62"
"65","JP3566800003","6183552","9022.T","618355","Central Japan Railway Co.","JP","JPY","Large",263,427,382,"JKT",1,0.174565811786594,1,"63"
"66","JP3854600008","6435145","7267.T","643514","Honda Motor Co. Ltd.","JP","JPY","Large",463,224,238,"JKT",1,0.14753058762857,1,"64"
"67","JP3778630008","B0JDQD4","7832.T","B0JDQD","BANDAI NAMCO HOLDINGS INC.","JP","JPY","Large",135,812,746,"JKT",1,0.193833381761867,1,"65"
"68","JP3519400000","6196408","4519.T","619640","Chugai Pharmaceutical Co. Ltd.","JP","JPY","Large",233,493,432,"JKT",1,0.178941766724111,1,"66"
"69","KR7017670001","6224871","017670.KS","KR048N","SK TELECOM","KR","KRW","Large",106,987,1046,"JKT",1,0.198416646434227,1,"67"
"70","JP3546800008","6885074","4543.T","688507","Terumo Corp.","JP","JPY","Large",221,517,495,"JKT",1,0.180716012636141,1,"69"
"71","TW0001303006","6621580","1303.TW","TW007W","Nan Ya Plastics Corp","TW","TWD","Large",139,783,807,"JKT",1,0.193207558794047,1,"70"
"72","JP3783600004","6298542","9020.T","629854","East Japan Railway Co.","JP","JPY","Large",228,499,472,"JKT",1,0.179679375008705,1,"71"
"73","JP3538800008","6869302","6762.T","686930","TDK Corp.","JP","JPY","Large",153,714,683,"JKT",1,0.191029284839561,1,"72"
"74","TW0002317005","6438564","2317.TW","TW002R","Hon Hai Precision Industry Co","TW","TWD","Large",445,233,247,"JKT",1,0.149814419173792,1,"73"
"75","JP3788600009","6429104","6501.T","642910","Hitachi Ltd.","JP","JPY","Large",373,277,268,"JKT",1,0.159241912082829,1,"74"
"76","JP3351600006","6805265","4911.T","680526","Shiseido Co. Ltd.","JP","JPY","Large",229,497,438,"JKT",1,0.179531663632357,1,"75"
"77","KR7000270009","6490928","000270.KS","KR00GR","Kia Motors Corp","KR","KRW","Large",167,660,664,"JKT",1,0.188869820207787,1,"76"
"78","JP3899600005","6596729","8802.T","659672","Mitsubishi Estate Co. Ltd.","JP","JPY","Large",207,548,536,"JKT",1,0.182803260326216,1,"77"
"79","JP3866800000","6572707","6752.T","657270","Panasonic Corp.","JP","JPY","Large",269,418,412,"JKT",1,0.173700816231509,1,"78"
"80","KR7035720002","6194037","035720.KS","KR056M","KAKAO CORP","KR","KRW","Large",221,518,518,"JKT",1,0.180716012636141,1,"80"
"81","TW0002412004","6287841","2412.TW","TW003S","Chunghwa Telecom Co Ltd","TW","TWD","Large",148,745,729,"JKT",1,0.191805078990122,1,"81"
"82","JP3910660004","6513126","8766.T","651312","Tokio Marine Holdings Inc.","JP","JPY","Large",285,395,365,"JKT",1,0.171410716334405,1,"82"
"83","JP3386450005","B627LW9","5020.T","664140","ENEOS HOLDINGS","JP","JPY","Large",125,862,861,"JKT",1,0.19540467156277,1,"83"
"84","JP3463000004","6870445","4502.T","687044","Takeda Pharmaceutical Co. Ltd.","JP","JPY","Large",484,211,219,"JKT",1,0.144902588737444,1,"84"
"85","JP3201200007","6658801","7733.T","665880","Olympus Corp.","JP","JPY","Large",227,506,491,"JKT",1,0.179827181279292,1,"85"
"86","JP3756600007","6639550","7974.T","663955","Nintendo Co. Ltd.","JP","JPY","Large",567,173,152,"JKT",1,0.134894471004246,1,"86"
"87","JP3551500006","6640381","6902.T","664038","Denso Corp.","JP","JPY","Large",30,373,405,"JKT",1,0.210812949810609,1,"87"
"88","JP3397200001","6865504","7269.T","686550","Suzuki Motor Corp.","JP","JPY","Large",19,589,596,"JKT",1,0.212653400576264,1,"88"
"89","JP3734800000","6640682","6594.T","664068","Nidec Corp.","JP","JPY","Large",566,175,161,"JKT",1,0.135011500070915,1,"89"
"90","JP3970300004","BQRRZ00","6098.T","JP503G","RECRUIT HOLDINGS","JP","JPY","Large",705,128,122,"JKT",1,0.119549874731951,1,"91"
"91","JP3762600009","6643108","8604.T","664310","Nomura Holdings Inc.","JP","JPY","Large",137,802,660,"JKT",1,0.193520278002145,1,"92"
"92","JP3122400009","6870490","6857.T","687049","Advantest Corp.","JP","JPY","Large",149,737,764,"JKT",1,0.19164972815831,1,"93"
"93","JP3762800005","6390921","4307.T","639092","Nomura Research Institute Ltd.","JP","JPY","Large",102,1024,990,"JKT",1,0.199055179330126,1,"94"
"94","TW0001301000","6348544","1301.TW","TW009Y","Formosa Plastics Corp","TW","TWD","Large",159,695,687,"JKT",1,0.190101498647412,1,"95"
"95","JP3160400002","6307200","4523.T","630720","Eisai Co. Ltd.","JP","JPY","Large",169,654,622,"JKT",1,0.188562858850144,1,"96"
"96","JP3197800000","6659428","6645.T","665942","Omron Corp.","JP","JPY","Large",137,799,754,"JKT",1,0.193520278002145,1,"97"
"97","JP3242800005","6172323","7751.T","617232","Canon Inc.","JP","JPY","Large",202,563,566,"JKT",1,0.183553227488195,1,"98"
"98","JP3735400008","6641373","9432.T","664137","Nippon Telegraph & Telephone C","JP","JPY","Large",522,193,190,"JKT",1,0.140246087338783,1,"99"
"99","KR7036570000","6264189","036570.KS","KR05BR","NCsoft","KR","KRW","Large",114,926,848,"JKT",1,0.197144207678927,1,"100"
"100","JP3258000003","6493745","2503.T","649374","Kirin Holdings Co. Ltd.","JP","JPY","Large",136,805,765,"JKT",1,0.193676781808065,1,"3"
"101","US92826C8394","B2PZN04","V.N","U0401","VISA Inc. Cl A","US","USD","Large",3055,11,11,"USA",0,0.012710874173191,1,"21"
"102","US7170811035","2684703","PFE.N","PFE","Pfizer Inc.","US","USD","Large",1714,36,40,"USA",0,0.0470571430847492,1,"43"
"103","US65339F1012","2328915","NEE.N","FPL","NextEra Energy Inc.","US","USD","Large",126,59,57,"USA",0,0.195247109601306,1,"28"
"104","US8522341036","BYNZGK1","SQ.N","US70YR","SQUARE CL.A","US","USD","Large",741,119,114,"USA",0,0.115803086629532,1,"52"
"105","US6092071058","B8CKK03","MDLZ.OQ","KFT","MONDELEZ","US","USD","Large",712,126,135,"USA",0,0.118813220309802,1,"91"
"106","US4523081093","2457552","ITW.N","ITW","Illinois Tool Works Inc.","US","USD","Large",597,165,184,"USA",0,0.131423260016399,1,"2"
"107","US58733R1023","B23X1H3","MELI.OQ","US00K6","MERCADOLIBRE","US","USD","Large",574,171,141,"USA",0,0.134077663359332,1,"86"
"108","US3377381088","2342034","FISV.OQ","FISV","Fiserv Inc.","US","USD","Large",569,172,176,"USA",0,0.134660669742678,1,"33"
"109","US5184391044","2320524","EL.N","EL","Estee Lauder Cos. Inc.","US","USD","Large",561,177,177,"USA",0,0.135597931171278,1,"89"
"110","US45866F1049","BFSSDS9","ICE.N","ICE","INTERCONTINENTALEXCHANGE IN","US","USD","Large",533,187,187,"USA",0,0.138921729624956,1,"18"
"111","US0527691069","2065159","ADSK.OQ","ACAD","Autodesk Inc.","US","USD","Large",519,197,194,"USA",0,0.140609104810937,1,"99"
"112","US0326541051","2032067","ADI.OQ","ADI","Analog Devices Inc.","US","USD","Large",487,210,206,"USA",0,0.14453035076458,1,"84"
"113","US94106L1098","2937667","WM.N","UW","Waste Management Inc.","US","USD","Large",464,222,258,"USA",0,0.147404556167519,1,"64"
"114","US4448591028","2445063","HUM.N","HUM","Humana Inc.","US","USD","Large",46,226,236,"USA",0,0.20815681738886,1,"54"
"115","US6668071029","2648806","NOC.N","NOC","Northrop Grumman Corp.","US","USD","Large",459,227,245,"USA",0,0.148035604737494,1,"51"
"116","US2910111044","2313405","EMR.N","EMR","Emerson Electric Co.","US","USD","Large",459,228,232,"USA",0,0.148035604737494,1,"29"
"117","IE00BLP1HW54","BLP1HW5","AON.N","AOC","AON PLC","US","USD","Large",446,232,226,"USA",0,0.149686779278974,1,"73"
"118","US4824801009","2480138","KLAC.OQ","KLAC","KLA","US","USD","Large",434,242,250,"USA",0,0.151224381385832,1,"5"
"119","US2566771059","B5B1S13","DG.N","US012P","DOLLAR GENERAL","US","USD","Large",422,252,256,"USA",0,0.152774940168776,1,"16"
"120","US59156R1086","2573209","MET.N","MET","MetLife Inc.","US","USD","Large",395,269,266,"USA",0,0.156311331972634,1,"46"
"121","US3695501086","2365161","GD.N","GD","General Dynamics Corp.","US","USD","Large",39,270,287,"USA",0,0.20931582945421,1,"4"
"122","US0718131099","2085102","BAX.N","BAX","Baxter International Inc.","US","USD","Large",367,281,303,"USA",0,0.160048851584443,1,"74"
"123","US0255371017","2026242","AEP.OQ","AEP","American Electric Power Co. In","US","USD","Large",358,296,337,"USA",0,0.16126546270319,1,"19"
"124","US8288061091","2812452","SPG.N","SPG","Simon Property Group Inc.","US","USD","Large",318,344,366,"USA",0,0.166763122239037,1,"58"
"125","US98389B1008","2614807","XEL.OQ","NSP","Xcel Energy Inc.","US","USD","Large",304,363,425,"USA",0,0.168722403667234,1,"61"
"126","US5500211090","B23FN39","LULU.OQ","US01E1","LULULEMON ATHLETICA","US","USD","Large",30,371,356,"USA",0,0.210812949810609,1,"87"
"127","US61174X1090","BZ07BW4","MNST.OQ","HANS","MONSTER BEVERAGE","US","USD","Large",291,386,391,"USA",0,0.170558124267879,1,"1"
"128","US43300A2033","BYVMW06","HLT.N","US40G6","HILTON","US","USD","Large",285,391,369,"USA",0,0.171410716334405,1,"82"
"129","US98956P1021","2783815","ZBH.N","ZMH","Zimmer Biomet Holdings","US","USD","Large",282,399,380,"USA",0,0.171838278382875,1,"36"
"130","US9884981013","2098876","YUM.N","YUM","Yum! Brands Inc.","US","USD","Large",278,403,420,"USA",0,0.17240967529797,1,"48"
"131","US6937181088","2665861","PCAR.OQ","PCAR","Paccar Inc.","US","USD","Large",274,406,409,"USA",0,0.172982575357739,1,"22"
"132","US8936411003","B11FJK3","TDG.N","TDG","TRANSDIGM GROUP","US","USD","Large",272,407,419,"USA",0,0.173269589478529,1,"20"
"133","US6200763075","B5BKPQ4","MSI.N","MOT","MOTOROLA SOLUTIONS INC.","US","USD","Large",271,412,437,"USA",0,0.173413237633039,1,"78"
"134","US7043261079","2674458","PAYX.OQ","PAYX","Paychex Inc.","US","USD","Large",269,416,445,"USA",0,0.173700816231509,1,"12"
"135","US78410G1040","BZ6TS23","SBAC.OQ","SBAC","SBA Communications Corp.","US","USD","Large",262,428,459,"USA",0,0.174710307469521,1,"63"
"136","US23331A1097","2250687","DHI.N","DHI","D.R. Horton Inc.","US","USD","Large",258,442,503,"USA",0,0.175289233085231,1,"7"
"137","US95040Q1040","BYVYHH4","WELL.N","HCN","Welltower Inc.","US","USD","Large",254,449,466,"USA",0,0.175869668246619,1,"41"
"138","US92345Y1064","B4P9W92","VRSK.OQ","U1196","VERISK ANALYTICS CL.A","US","USD","Large",244,475,498,"USA",0,0.177327368421671,1,"13"
"139","US03076C1062","B0J7D57","AMP.N","AMP","Ameriprise Financial Inc.","US","USD","Large",233,491,505,"USA",0,0.178941766724111,1,"66"
"140","US2567461080","2272476","DLTR.OQ","DLTR","Dollar Tree Inc.","US","USD","Large",229,496,549,"USA",0,0.179531663632357,1,"75"
"141","NL0009434992","B3SPXZ3","LYB.N","US20RF","LYONDELLBASELL INDUSTRIES","US","USD","Large",228,500,499,"USA",0,0.179679375008705,1,"71"
"142","US6792951054","BDFZSP1","OKTA.OQ","US81KF","OKTA CL.A","US","USD","Large",227,503,417,"USA",0,0.179827181279292,1,"85"
"143","US9892071054","2989356","ZBRA.OQ","ZBRA","ZEBRA TECHS. 'A'","US","USD","Large",22,519,496,"USA",0,0.212150299055018,1,"38"
"144","US2333311072","2280220","DTE.N","DTE","DTE Energy Co.","US","USD","Large",219,522,557,"USA",0,0.181013049677124,1,"9"
"145","US0534841012","2131179","AVB.N","AVB","Avalonbay Communities Inc.","US","USD","Large",219,523,531,"USA",0,0.181013049677124,1,"69"
"146","US78486Q1013","2808053","SIVB.OQ","SIVB","SVB FINANCIAL GROUP","US","USD","Large",218,525,504,"USA",0,0.181161710758023,1,"80"
"147","US1890541097","2204026","CLX.N","CLX","Clorox Co.","US","USD","Large",207,549,555,"USA",0,0.182803260326216,1,"77"
"148","US3635761097","2359506","AJG.N","AJG","ARTHUR J GALLAGHER","US","USD","Large",204,553,552,"USA",0,0.183252954784109,1,"27"
"149","US9113631090","2134781","URI.N","URI","UNITED RENTALS","US","USD","Large",202,558,589,"USA",0,0.183553227488195,1,"45"
"150","US7561091049","2724193","O.N","O","REALTY INCOME","US","USD","Large",202,560,598,"USA",0,0.183553227488195,1,"98"
"151","US9291601097","2931205","VMC.N","VMC","Vulcan Materials Co.","US","USD","Large",19,588,574,"USA",0,0.212653400576264,1,"42"
"152","US30063P1057","2719951","EXAS.OQ","US8262","EXACT SCIENCES CORP","US","USD","Large",19,590,582,"USA",0,0.212653400576264,1,"88"
"153","US2944291051","2319146","EFX.N","EFX","Equifax Inc.","US","USD","Large",187,599,642,"USA",0,0.185817433747566,1,"31"
"154","US1156372096","2146838","BFb.N","BFB","Brown-Forman Corp. Cl B","US","USD","Large",182,616,573,"USA",0,0.186576943527153,1,"59"
"155","US4601461035","2465254","IP.N","IP","International Paper Co.","US","USD","Large",181,620,650,"USA",0,0.186729132241591,1,"34"
"156","US7607591002","2262530","RSG.N","RSG","Republic Services Inc.","US","USD","Large",177,626,673,"USA",0,0.187338843416059,1,"49"
"157","US3687361044","B6197Q2","GNRC.N","US920X","GENERAC HOLDINGS","US","USD","Large",175,633,615,"USA",0,0.187644272981092,1,"39"
"158","US42824C1099","BYVYWS0","HPE.N","US52YR","Hewlett Packard Enterprise","US","USD","Large",173,638,671,"USA",0,0.187950085339149,1,"17"
"159","US29364G1031","2317087","ETR.N","ETR","Entergy Corp.","US","USD","Large",169,653,731,"USA",0,0.188562858850144,1,"96"
"160","US1220171060","BF311Y5","BURL.N","US520T","BURLINGTON STORES","US","USD","Large",168,656,741,"USA",0,0.188716291634909,1,"76"
"161","US3848021040","2380863","GWW.N","GWW","W.W. Grainger Inc.","US","USD","Large",167,662,698,"USA",0,0.188869820207787,1,"24"
"162","US4932671088","2490911","KEY.N","KEY","KeyCorp","US","USD","Large",166,666,645,"USA",0,0.189023444581291,1,"32"
"163","US8962391004","2903958","TRMB.OQ","TRMB","Trimble Inc","US","USD","Large",166,669,680,"USA",0,0.189023444581291,1,"37"
"164","US4364401012","2433530","HOLX.OQ","HOLX","Hologic Inc.","US","USD","Large",163,676,674,"USA",0,0.189484892629471,1,"90"
"165","US1468691027","BYQHPG3","CVNA.N","US98EH","CARVANA 'A'","US","USD","Large",158,697,630,"USA",0,0.190255889866662,1,"95"
"166","US2371941053","2289874","DRI.N","DRI","Darden Restaurants Inc.","US","USD","Large",157,698,716,"USA",0,0.190410376995504,1,"30"
"167","US3021301094","2325507","EXPD.OQ","EXPD","Expeditors International of Wa","US","USD","Large",155,710,800,"USA",0,0.190719639028682,1,"79"
"168","IE00B58JVZ52","B58JVZ5","STX.OQ","STX","Seagate Technology Inc.","US","USD","Large",155,711,668,"USA",0,0.190719639028682,1,"55"
"169","US44891N1090","BMGTSK0","IAC.OQ","USAI","IAC/INTERACTIVECORP","US","USD","Large",153,716,652,"USA",0,0.191029284839561,1,"72"
"170","US1258961002","2219224","CMS.N","CMS","CMS ENERGY","US","USD","Large",149,734,798,"USA",0,0.19164972815831,1,"93"
"171","US55087P1049","BJT1RW7","LYFT.OQ","US9L8O","LYFT A","US","USD","Large",148,740,801,"USA",0,0.191805078990122,1,"81"
"172","US92556V1061","BMWS3X9","VTRS.OQ","MYL","VIATRIS","US","USD","Large",146,750,713,"USA",0,0.192116068733291,1,"14"
"173","US4698141078","2469052","J.N","JEC","Jacobs Engineering Group Inc.","US","USD","Large",143,769,817,"USA",0,0.192583273708795,1,"56"
"174","US3666511072","2372763","IT.N","GART","GARTNER 'A'","US","USD","Large",139,785,778,"USA",0,0.193207558794047,1,"70"
"175","IE00BFY8C754","BFY8C75","STE.N","STE","STERIS","US","USD","Large",138,790,824,"USA",0,0.193363870334152,1,"8"
"176","US8666741041","2860257","SUI.N","US60TL","SUN COMMUNITIES","US","USD","Large",137,797,819,"USA",0,0.193520278002145,1,"92"
"177","US92220P1057","2927516","VAR.N","VAR","Varian Medical Systems Inc.","US","USD","Large",137,798,777,"USA",0,0.193520278002145,1,"97"
"178","US4461501045","2445966","HBAN.OQ","HBAN","Huntington Bancshares Inc.","US","USD","Large",136,806,790,"USA",0,0.193676781808065,1,"3"
"179","US45167R1041","2456612","IEX.N","IEX","IDEX","US","USD","Large",135,813,830,"USA",0,0.193833381761867,1,"65"
"180","US7547301090","2718992","RJF.N","RJF","RAYMOND JAMES FINL.","US","USD","Large",129,841,850,"USA",0,0.194775001136971,1,"40"
"181","US05722G1004","BDHLTQ5","BKR.N","BHI","BAKER HUGHES","US","USD","Large",126,856,749,"USA",0,0.195247109601306,1,"50"
"182","US83417M1045","BWC52Q6","SEDG.OQ","US9I9M","SOLAREDGE TECHNOLOGIES","US","USD","Large",125,860,808,"USA",0,0.19540467156277,1,"83"
"183","US69370C1009","B95N910","PTC.OQ","PMTC","PTC INC","US","USD","Large",124,865,846,"USA",0,0.195562329776013,1,"15"
"184","US25754A2015","B01SD70","DPZ.N","US11D1","DOMINOS PIZZA","US","USD","Large",123,868,891,"USA",0,0.195720084249967,1,"44"
"185","US3032501047","2330299","FICO.N","FIC","FAIR ISAAC","US","USD","Large",121,890,906,"USA",0,0.196035882015314,1,"62"
"186","US60855R1005","2212706","MOH.N","US52A3","MOLINA HEALTHCARE","US","USD","Large",115,916,925,"USA",0,0.196985586470791,1,"47"
"187","US0188021085","2973821","LNT.OQ","LNT","ALLIANT ENERGY CORP.","US","USD","Large",115,919,1026,"USA",0,0.196985586470791,1,"11"
"188","US4404521001","2437264","HRL.N","HRL","HORMEL FOODS","US","USD","Large",115,920,917,"USA",0,0.196985586470791,1,"100"
"189","US30034W1062","BFMXGR0","EVRG.N","WR","EVERGY","US","USD","Large",115,922,971,"USA",0,0.196985586470791,1,"57"
"190","US5502411037","BMDH249","LUMN.N","CTL","LUMEN TECHNOLOGIES","US","USD","Large",114,928,961,"USA",0,0.197144207678927,1,"35"
"191","US9831341071","2963811","WYNN.OQ","WYNN","Wynn Resorts Ltd.","US","USD","Large",112,934,919,"USA",0,0.197461739139076,1,"10"
"192","US3802371076","BWFRFC6","GDDY.N","US71MG","GODADDY CL.A","US","USD","Large",111,940,896,"USA",0,0.197620649406965,1,"68"
"193","US12541W2098","2116228","CHRW.OQ","CHRW","C.H. Robinson Worldwide Inc.","US","USD","Large",11,946,957,"USA",0,0.213999259270153,1,"60"
"194","IL0010824113","2181334","CHKP.OQ","CHKPF","Check Point Software Technolog","US","USD","Large",106,976,962,"USA",0,0.198416646434227,1,"53"
"195","US0495601058","2315359","ATO.N","ATO","ATMOS ENERGY","US","USD","Large",106,980,1092,"USA",0,0.198416646434227,1,"67"
"196","US9285634021","B23SN61","VMW.N","U0179","VMWARE","US","USD","Large",104,1005,1045,"USA",0,0.198735720039865,1,"6"
"197","US0357104092","2113456","NLY.N","NLY","Annaly Capital Management Inc.","US","USD","Large",102,1017,1009,"USA",0,0.199055179330126,1,"94"
"198","US09215C1053","BDG75V1","BKI.N","US71HB","BLACK KNIGHT","US","USD","Large",99,1045,984,"USA",0,0.199535091547354,1,"23"
"199","US6700024010","BJDQXG4","NVAX.OQ","US05F6","NOVAVAX","US","USD","Large",98,1055,835,"USA",0,0.19969525518903,1,"26"
"200","US5132721045","BDQZFJ3","LW.N","US61MF","Lamb Weston Holdings Inc.","US","USD","Large",96,1069,1008,"USA",0,0.200015871866385,1,"25"
"201","CH0038863350","7123870","NESN.S","461669","NESTLE","CH","CHF","Large",2744,18,19,"EUR",0,0.188093764573091,1,"21"
"202","CH0012032048","7110388","ROG.S","474577","ROCHE HLDG P","CH","CHF","Large",194,28,26,"EUR",0,0.406952884236159,1,"31"
"203","CH0012005267","7103065","NOVN.S","477408","NOVARTIS","CH","CHF","Large",1801,33,30,"EUR",0,0.257140158508535,1,"43"
"204","FR0000120321","4057808","OREP.PA","453478","L'OREAL","FR","EUR","Large",798,109,111,"EUR",0,0.346654365901617,1,"52"
"205","FR0000121972","4834108","SCHN.PA","483410","SCHNEIDER ELECTRIC","FR","EUR","Large",739,122,120,"EUR",0,0.352366283797779,1,"91"
"206","DE0007100000","5529027","DAIGn.DE","425240","DAIMLER","DE","EUR","Large",638,146,169,"EUR",0,0.362242281184333,1,"2"
"207","FR0000131104","7309681","BNPP.PA","413366","BNP PARIBAS","FR","EUR","Large",598,162,162,"EUR",0,0.366186503371519,1,"86"
"208","DE0005557508","5842359","DTEGn.DE","511938","DEUTSCHE TELEKOM","DE","EUR","Large",557,180,199,"EUR",0,0.370248029172755,1,"33"
"209","CH0011075394","5983816","ZURN.S","499187","ZURICH INSURANCE GROUP","CH","CHF","Large",549,183,191,"EUR",0,0.371042687898795,1,"89"
"210","NL0012969182","BZ1HM42","ADYEN.AS","NL802I","ADYEN","NL","EUR","Large",532,188,175,"EUR",0,0.372733652362181,1,"18"
"211","FR0000125486","B1XH026","SGEF.PA","481808","VINCI","FR","EUR","Large",517,200,182,"EUR",0,0.374228270851259,1,"99"
"212","FR0000120628","7088429","AXAF.PA","458887","AXA","FR","EUR","Large",473,216,223,"EUR",0,0.378626257415859,1,"84"
"213","CH0244767585","BRJL176","UBSG.S","478511","UBS GROUP","CH","CHF","Large",469,221,216,"EUR",0,0.379027078074464,1,"64"
"214","CH0012221716","7108899","ABBN.S","408580","ABB","CH","CHF","Large",463,223,228,"EUR",0,0.379628618694108,1,"29"
"215","DE0005552004","4617859","DPWGn.DE","461785","DEUTSCHE POST","DE","EUR","Large",46,225,242,"EUR",0,0.422247603718233,1,"54"
"216","BE0974293251","BYYHL23","ABI.BR","475531","ANHEUSER-BUSCH INBEV","BE","EUR","Large",455,230,243,"EUR",0,0.380431248311236,1,"51"
"217","NL0000009538","5986622","PHG.AS","468520","PHILIPS","NL","EUR","Large",443,235,237,"EUR",0,0.381636418028758,1,"73"
"218","FR0000073272","B058TZ6","SAF.PA","476776","SAFRAN","FR","EUR","Large",44,236,246,"EUR",0,0.422455384065684,1,"4"
"219","DE0007664039","5497168","VOWG_p.D","EG7","VOLKSWAGEN PREF","DE","EUR","Large",437,238,319,"EUR",0,0.382239550731947,1,"5"
"220","NL0013654783","BJDS7L3","PRX.AS","NL901I","Prosus","NL","EUR","Large",422,254,220,"EUR",0,0.383748967216391,1,"16"
"221","NL0011821202","BZ57390","INGA.AS","448816","ING GRP","NL","EUR","Large",407,264,278,"EUR",0,0.385260626989079,1,"46"
"222","DE0008430026","5294121","MUVGn.DE","461075","MUENCHENER RUECK","DE","EUR","Large",368,279,285,"EUR",0,0.389201254642191,1,"74"
"223","CH0013841017","7333378","LONN.S","579422","LONZA","CH","CHF","Large",356,298,253,"EUR",0,0.390416699935803,1,"19"
"224","NL00150001Q9","BMD8KX7","STLA.MI","433560","STELLANTIS","IT","EUR","Large",313,349,372,"EUR",0,0.394783133359439,1,"58"
"225","ES0148396007","BP9DL90","ITX.MC","711131","Industria de Diseno Textil SA","ES","EUR","Large",312,352,344,"EUR",0,0.394884881353285,1,"61"
"226","SE0000107419","5679591","INVEb.ST","446963","INVESTOR B","SE","SEK","Large",31,356,377,"EUR",0,0.42380662219682,1,"87"
"227","CH0432492467","BJT1GR5","ALCC.S","CH90EG","ALCON","CH","CHF","Large",299,374,374,"EUR",0,0.396208431288326,1,"1"
"228","DE000A1ML7J1","BBJPFY1","VNAn.DE","DE3082","Vonovia SE","DE","EUR","Large",295,381,375,"EUR",0,0.396615984406182,1,"36"
"229","ES0113211835","5501906","BBVA.MC","550190","BCO BILBAO VIZCAYA ARGENTARIA","ES","EUR","Large",295,382,334,"EUR",0,0.396615984406182,1,"82"
"230","FI4000297767","BYZF9J9","NDASE.ST","478184","NORDEA BANK","SE","SEK","Large",286,389,423,"EUR",0,0.397533503035491,1,"48"
"231","DE0005190003","5756029","BMWG.DE","408522","BMW","DE","EUR","Large",283,396,473,"EUR",0,0.397839503070022,1,"22"
"232","ES0109067019","B3MSM28","AMA.MC","ES0017","AMADEUS IT GROUP","ES","EUR","Large",272,409,413,"EUR",0,0.398962184968847,1,"20"
"233","DE0005810055","7021963","DB1Gn.DE","702196","DEUTSCHE BOERSE","DE","EUR","Large",269,417,418,"EUR",0,0.399268555914362,1,"78"
"234","FR0000125007","7380482","SGOB.PA","476837","SAINT GOBAIN","FR","EUR","Large",268,421,455,"EUR",0,0.399370697098145,1,"12"
"235","CH0012214059","7110753","LHN.S","442048","LafargeHolcim","CH","CHF","Large",263,426,453,"EUR",0,0.399881534165542,1,"63"
"236","FR0000130650","5330047","DAST.PA","533004","DASSAULT SYSTEMS","FR","EUR","Large",258,443,444,"EUR",0,0.400392589067008,1,"41"
"237","SE0000667891","B1VQ252","SAND.ST","477472","SANDVIK","SE","SEK","Large",255,447,441,"EUR",0,0.400699326144099,1,"7"
"238","FR0000125338","4163437","CAPP.PA","416343","CAP GEMINI","FR","EUR","Large",245,473,480,"EUR",0,0.401722343951196,1,"13"
"239","FR0000127771","4834777","VIV.PA","430230","VIVENDI","FR","EUR","Large",242,479,434,"EUR",0,0.402029416706704,1,"66"
"240","FR0000121261","4588364","MICP.PA","458836","MICHELIN","FR","EUR","Large",228,502,510,"EUR",0,0.403463435755995,1,"85"
"241","DE0007037129","4768962","RWEG.DE","473550","RWE","DE","EUR","Large",226,509,513,"EUR",0,0.403668430968436,1,"71"
"242","FR0010208488","B0C2CQ3","ENGIE.PA","B0C2CQ","ENGIE","FR","EUR","Large",225,512,483,"EUR",0,0.40377094119346,1,"80"
"243","SE0000103699","B1XFTL2","HEXAb.ST","B096C6","HEXAGON B","SE","SEK","Large",223,514,542,"EUR",0,0.403975986839812,1,"69"
"244","IT0000062072","4056719","GASI.MI","405671","ASSICURAZIONI GENERALI","IT","EUR","Large",219,521,535,"EUR",0,0.404386178686266,1,"9"
"245","NL0011585146","BD6G507","RACE.MI","IT509P","FERRARI","IT","EUR","Large",217,529,538,"EUR",0,0.404591324753995,1,"75"
"246","DE000ENAG999","4942904","EONGn.DE","492752","E.ON","DE","EUR","Large",21,541,581,"EUR",0,0.424846813136734,1,"38"
"247","NL0000009165","7792559","HEIN.AS","441930","HEINEKEN","NL","EUR","Large",209,544,543,"EUR",0,0.405412241775127,1,"77"
"248","CH0012138530","7171589","CSGN.S","416030","CREDIT SUISSE GRP","CH","CHF","Large",207,547,384,"EUR",0,0.40561755388612,1,"27"
"249","IT0005239360","BYMXPS7","CRDI.MI","423244","UNICREDIT","IT","EUR","Large",202,562,550,"EUR",0,0.40613097843413,1,"45"
"250","CH0030170408","B1WGG93","GEBN.S","672626","GEBERIT","CH","CHF","Large",201,564,577,"EUR",0,0.406233688009266,1,"98"
"251","ES0178430E18","5732524","TEF.MC","488082","TELEFONICA","ES","EUR","Large",20,569,584,"EUR",0,0.424950869005118,1,"88"
"252","FR0000130809","5966516","SOGN.PA","481775","GRP SOCIETE GENERALE","FR","EUR","Large",19,587,594,"EUR",0,0.425054931524594,1,"42"
"253","DE0006599905","4741844","MRCG.DE","474184","MERCK","DE","EUR","Large",188,596,600,"EUR",0,0.407569655870584,1,"59"
"254","DE000A2E4K43","BZCNB42","DHER.DE","DE7042","DELIVERY HERO","DE","EUR","Large",185,607,619,"EUR",0,0.407878151068171,1,"34"
"255","DK0010272202","4595739","GMAB.CO","459573","GENMAB","DK","DKK","Large",184,609,572,"EUR",0,0.407980998949418,1,"49"
"256","FR0000051807","5999330","TEPRF.PA","599933","TELEPERFORMANCE","FR","EUR","Large",183,614,607,"EUR",0,0.408083854891067,1,"39"
"257","NL0013267909","BJ2KSG2","AKZO.AS","401190","AKZO NOBEL","NL","EUR","Large",182,617,629,"EUR",0,0.408186718884738,1,"17"
"258","SE0012853455","BJ7W9K4","EQTAB.ST","SE90U9","EQT","SE","SEK","Large",177,627,719,"EUR",0,0.408701159339968,1,"96"
"259","ES0105066007","BX90C05","CLNX.MC","ES502D","CELLNEX TELECOM","ES","EUR","Large",174,637,654,"EUR",0,0.409009919700512,1,"76"
"260","DE0006048432","5076705","HNKG_p.DE","442031","HENKEL PREF","DE","EUR","Large",171,650,724,"EUR",0,0.40931875184942,1,"24"
"261","FR0011981968","BNFWR44","WLN.PA","FR407H","WORLDLINE","FR","EUR","Large",167,661,609,"EUR",0,0.409730639326283,1,"32"
"262","SE0000148884","4813345","SEBa.ST","481334","SKANDINAVISKA ENSKILDA BK A","SE","SEK","Large",167,664,681,"EUR",0,0.409730639326283,1,"37"
"263","SE0009922164","BF1K7P7","ESSITYb.ST","SE707K","Essity B","SE","SEK","Large",163,678,694,"EUR",0,0.410142653484416,1,"90"
"264","BE0003565737","4497749","KBC.BR","449774","KBC GRP","BE","EUR","Large",162,682,667,"EUR",0,0.410245676754689,1,"95"
"265","FR0000045072","7262610","CAGR.PA","726261","CREDIT AGRICOLE","FR","EUR","Large",161,687,699,"EUR",0,0.410348707900388,1,"30"
"266","DE0005785604","4352097","FREG.DE","435209","FRESENIUS","DE","EUR","Large",156,704,721,"EUR",0,0.41086398146481,1,"55"
"267","CH0025751329","B18ZRK2","LOGN.S","772868","LOGITECH INTERNATIONAL","CH","CHF","Large",155,708,679,"EUR",0,0.410967059685747,1,"79"
"268","DK0060448595","B8FMRX8","COLOb.CO","420958","COLOPLAST B","DK","DKK","Large",153,715,696,"EUR",0,0.411173239568043,1,"93"
"269","ES0173516115","5669354","REP.MC","473322","REPSOL","ES","EUR","Large",153,718,717,"EUR",0,0.411173239568043,1,"72"
"270","CH0002497458","4824778","SGSN.S","482476","SGS","CH","CHF","Large",149,738,726,"EUR",0,0.411585692857398,1,"81"
"271","DE000ZAL1111","BQV0SV7","ZALG.DE","DE4061","ZALANDO","DE","EUR","Large",147,748,700,"EUR",0,0.411791966128973,1,"14"
"272","DE000ENER6Y0","BMTVQK9","ENR1n.DE","DE004V","SIEMENS ENERGY","DE","EUR","Large",144,762,714,"EUR",0,0.412101434129267,1,"70"
"273","SE0000106270","5687431","HMb.ST","440822","HENNES & MAURITZ B","SE","SEK","Large",144,766,720,"EUR",0,0.412101434129267,1,"56"
"274","SE0007100599","BXDZ9Q1","SHBa.ST","486863","SVENSKA HANDELSBANKEN A","SE","SEK","Large",142,771,769,"EUR",0,0.412307784759119,1,"8"
"275","DE000PAH0038","7101069","PSHG_p.DE","469678","PORSCHE PREF","DE","EUR","Large",138,787,958,"EUR",0,0.412720578424366,1,"3"
"276","DK0010181759","4169219","CARLb.CO","416921","CARLSBERG B","DK","DKK","Large",136,807,762,"EUR",0,0.412927021323805,1,"65"
"277","CH0014852781","7437805","SLHN.S","528586","SWISS LIFE HLDG","CH","CHF","Large",134,814,776,"EUR",0,0.413133494843747,1,"92"
"278","DE000A0HN5C6","B0YZ0Z5","DWNG.DE","DE107Z","DEUTSCHE WOHNEN","DE","EUR","Large",133,821,784,"EUR",0,0.413236743065132,1,"97"
"279","SE0000242455","4846523","SWEDa.ST","484652","SWEDBANK","SE","SEK","Large",131,836,805,"EUR",0,0.413443262388157,1,"40"
"280","NL0010773842","BNG8PQ9","NN.AS","NL403F","NN GROUP","NL","EUR","Large",129,840,852,"EUR",0,0.413649812161395,1,"28"
"281","DE000SYM9999","B1JB4K8","SY1G.DE","B1JB4K","SYMRISE","DE","EUR","Large",126,858,857,"EUR",0,0.413959693766227,1,"15"
"282","DE0005785802","5129074","FMEG.DE","512907","FRESENIUS MEDICAL CARE","DE","EUR","Large",124,864,853,"EUR",0,0.414166319366579,1,"44"
"283","CH0012549785","7156036","SOON.S","143406","SONOVA","CH","CHF","Large",122,879,877,"EUR",0,0.414372975178297,1,"83"
"284","CH0102484968","B4R2R50","BAER.S","EY030","JULIUS BAER GRP","CH","CHF","Large",122,880,883,"EUR",0,0.414372975178297,1,"50"
"285","CH0012280076","7156832","STMN.S","546435","STRAUMANN","CH","CHF","Large",121,888,881,"EUR",0,0.414476314392065,1,"62"
"286","NL0010832176","BNHKYX4","ARGX.BR","BE8041","ARGENX","BE","EUR","Large",119,894,783,"EUR",0,0.414683015392688,1,"100"
"287","FR0000124141","4031879","VIE.PA","EF2","VEOLIA ENVIRONNEMENT","FR","EUR","Large",119,899,849,"EUR",0,0.414683015392688,1,"57"
"288","ES0118900010","B038516","FER.MC","B03851","FERROVIAL","ES","EUR","Large",117,908,904,"EUR",0,0.414889746433759,1,"11"
"289","CH0008742519","5533976","SCMN.S","553397","SWISSCOM","CH","CHF","Large",116,913,928,"EUR",0,0.414993123198075,1,"47"
"290","DK0060336014","B798FW0","NZYMb.CO","465853","NOVOZYMES","DK","DKK","Large",115,918,916,"EUR",0,0.415096507446835,1,"35"
"291","DE0006047004","5120679","HEIG.DE","441870","HEIDELBERGCEMENT","DE","EUR","Large",114,923,1001,"EUR",0,0.415199899171477,1,"10"
"292","FR0010908533","B62G1B5","EDEN.PA","EF031","EDENRED","FR","EUR","Large",11,950,886,"EUR",0,0.425887670063423,1,"60"
"293","DK0010274414","4588825","DANSKE.CO","426292","DANSKE BANK","DK","DKK","Large",109,954,934,"EUR",0,0.415716969633071,1,"68"
"294","SE0000310336","5048566","SWMA.ST","504856","SWEDISH MATCH","SE","SEK","Large",108,964,1003,"EUR",0,0.415820406033063,1,"67"
"295","DE000A0D9PT0","B09DHL9","MTXGn.DE","B09DHL","MTU AERO ENGINES","DE","EUR","Large",107,968,936,"EUR",0,0.415923849848933,1,"53"
"296","DE0007165631","5843329","SATG_p.DE","DE5084","SARTORIUS PREF.","DE","EUR","Large",105,997,935,"EUR",0,0.416130759693976,1,"6"
"297","FR0000120503","4002121","BOUY.PA","411515","BOUYGUES","FR","EUR","Large",102,1016,970,"EUR",0,0.416441179865983,1,"23"
"298","ES0105046009","BVRZ8L1","AENA.MC","ES504F","AENA SME","ES","EUR","Large",102,1025,945,"EUR",0,0.416441179865983,1,"94"
"299","NL0000009082","5956078","KPN.AS","453456","KPN","NL","EUR","Large",97,1061,1063,"EUR",0,0.416958693991549,1,"25"
"300","FR0000120172","5641567","CARR.PA","417754","CARREFOUR","FR","EUR","Large",94,1092,1088,"EUR",0,0.417269290391697,1,"26"
